# Name,   Type, SubType, Offset,  Size, Flags
# Note: if you change the phy_init or app partition offset, make sure to change the offset in Kconfig.projbuild
nvs,      data, nvs,       0x9000, 16K,
otadata,  data, ota,       0xd000,  8K,
phy_init, data, phy,       0xf000,  4K,
factory,  app,  factory,  0x10000,  2M,
ota_0,    app,  ota_0,   0x210000,  2M,
ota_1,    app,  ota_1,   0x410000,  2M,
flash_tone,data, 0xff,   0x610000,  500K,
storage,  data, spiffs,          ,  500K,

# Name,   Type, SubType, Offset,  Size, Flags
# Note: if you change the phy_init or app partition offset, make sure to change the offset in Kconfig.projbuild
#nvs,      data, nvs,     0x9000,    16K,
#otadata,  data, ota,     0xd000,     8K,
#phy_init, data, phy,     0xf000,     4K,
#factory,   app, factory, 0x10000,    1M,
#ota_0,    app,  ota_0,   0x110000,   1M,
#ota_1,    app,  ota_1,   0x210000,   1M,
#sound,    data, fat,            , 500K,
#rec,      data, spiffs,         ,   1M,

# Name,   Type, SubType, Offset,  Size, Flags
# Note: if you change the phy_init or app partition offset, make sure to change the offset in Kconfig.projbuild
#nvs,      data, nvs,     0x9000,     16K,
#otadata,  data, ota,     0xd000,      8K,
#phy_init, data, phy,     0xf000,      4K,
#factory,   app, factory, 0x10000,   640K,
#ota_0,     app, ota_0,   0xb0000,  1216K,
#ota_1,     app, ota_1,   0x1e0000, 1216K,
#sound,    data, spiffs,          ,  500K,

# Name,   Type, SubType, Offset,  Size, Flags
# Note: if you change the phy_init or app partition offset, make sure to change the offset in Kconfig.projbuild
#nvs,      data, nvs,     0x9000,     16K,
#otadata,  data, ota,     0xd000,      8K,
#phy_init, data, phy,     0xf000,      4K,
#factory,   app, factory, 0x10000,  1216K,
#ota_0,     app, ota_0,   0x140000,  640K,
#ota_1,     app, ota_1,   0x1E0000,  640K,
#sound,    data, spiffs,  0x280000,  500K,

# Name,   Type, SubType, Offset,  Size, Flags
# Note: if you change the phy_init or app partition offset, make sure to change the offset in Kconfig.projbuild
#nvs,      data, nvs,     ,        0x6000,
#phy_init, data, phy,     ,        0x1000,
#factory,   app, factory, ,            2M,
#sound,    data, spiffs,  0x210000,    2M,


